competitor,country,category,business_model,target_customers,offering,strengths,weaknesses,spareforge_difference,source_id
Local 3D printing studios,Russia/local,3D printing service,Print by file,B2C/B2B,STL/STEP printing,Accessible and flexible,Often no spare-parts catalog or safety workflow,Focus on digital spare parts workflow not just printing,
Xometry,USA/global,3D printing service marketplace,Manufacturing marketplace,Engineers businesses,On-demand custom parts instant quote,Broad technologies certifications instant quote,Requires CAD and not focused on local household spares,Local spare-parts specialization and modeling help,S04
Materialise,Belgium/global,AM manufacturing service,Industrial AM service,Enterprise industrial,Prototyping low-volume spare parts reverse engineering,Experience QA materials postprocessing,Higher industrial focus and likely higher order complexity,Affordable small spare-parts MVP,S06
Replique,Germany,Digital spare parts platform,Digital inventory distributed manufacturing,OEM B2B,On-demand parts platform digital warehousing,ERP/ecommerce integration partner network,Enterprise OEM focus,Adapt digital shelf to small service centers,S09
Spare Parts 3D,France/Singapore/Qatar,Digital inventory software,Software and services,Industrial clients,DigiPART THEIA spare parts digitization,Part identification digital passport supplier selection,Not local B2C and implementation-heavy,Simpler production-plus-catalog service,S12
3YOURMIND,Germany/USA,On-demand manufacturing software,Part identification distributed manufacturing,OEM MRO government,Digital inventory quoting production orders,End-to-end workflow and enterprise clients,Software platform rather than local microfactory,Combine light workflow with actual local production,S15
Deutsche Bahn,Germany,Corporate digital inventory,Internal production and partner network,Railway maintenance,3D printed rail spare parts digital warehouse,Large proven deployment and savings,Internal corporate model not open consumer service,Use same logic on non-critical local plastic spares,S18
Siemens Mobility,Germany,Rail spare parts platform,Virtual stock and printed parts,Rail customers,3D printed spare parts for railways,Virtual stock sold customer parts,Industry-specific and safety/rail focused,Non-critical consumer and repair shop niche,S20
Daimler Buses,Germany,Mobile mini-factory,Decentralized spare parts production,Bus service network,Mobile 3D printing centre for bus spare parts,Decentralized production strong OEM backing,Industrial OEM not small-business accessible,Small local microfactory analogue,S21
Ready-made spare marketplaces,Russia/global,Spare parts marketplace,Resale of physical parts,B2C/B2B,Original and compatible spare parts,Familiar search and purchase flow,No solution when part is unavailable or obsolete,Produce missing parts on demand,
OEM spare parts,Global,Original parts,Manufacturer parts sales,Device owners service centers,Original replacement parts,Compatibility warranty trust,Expensive slow or discontinued,Cover non-critical unavailable parts,
Repair workshops,Local,Repair services,Repair labor plus parts,B2C,Repair and part replacement,Customer trust existing demand,May lack rare parts or CAD/printing skills,B2B supplier and digital shelf partner,
Buy personal 3D printer,Local,DIY substitute,Self-production,Enthusiasts,Printer and self-made parts,Control and low marginal cost,Requires skill time CAD troubleshooting,Finished part without learning curve,
